{"cameraMode":{"drawMode":0,"name":"Shaded","section":"Shading Mode"},"sceneLighting":true,"audioPlay":false,"sceneViewState":{"showFog":false,"showMaterialUpdate":false,"showSkybox":false,"showFlares":false,"showImageEffects":false,"showParticleSystems":false},"in2DMode":false,"pivot":{"x":57.974334716796878,"y":-37.291015625,"z":707.2098388671875},"rotation":{"x":0.25350505113601687,"y":0.7099589109420776,"z":-0.31094470620155337,"w":0.5788098573684692},"size":421.80419921875,"orthographic":false}