{"cameraMode":{"drawMode":0,"name":"Shaded","section":"Shading Mode"},"sceneLighting":true,"audioPlay":false,"sceneViewState":{"showFog":false,"showMaterialUpdate":false,"showSkybox":false,"showFlares":false,"showImageEffects":false,"showParticleSystems":false},"in2DMode":false,"pivot":{"x":-57.318336486816409,"y":-29.24854278564453,"z":56.73408889770508},"rotation":{"x":0.3040878474712372,"y":-0.3184662461280823,"z":0.10866057127714157,"w":0.8912427425384522},"size":100.21913146972656,"orthographic":false}