{"cameraMode":{"drawMode":0,"name":"Shaded","section":"Shading Mode"},"sceneLighting":false,"audioPlay":false,"sceneViewState":{"showFog":false,"showMaterialUpdate":false,"showSkybox":false,"showFlares":false,"showImageEffects":false,"showParticleSystems":false},"in2DMode":false,"pivot":{"x":-5.699801445007324,"y":-3.4729862213134767,"z":20.990230560302736},"rotation":{"x":-0.2901400327682495,"y":0.1320926994085312,"z":-0.040472183376550677,"w":-0.9469598531723023},"size":18.7646427154541,"orthographic":false}