{"cameraMode":{"drawMode":0,"name":"Shaded","section":"Shading Mode"},"sceneLighting":false,"audioPlay":false,"sceneViewState":{"showFog":false,"showMaterialUpdate":false,"showSkybox":false,"showFlares":false,"showImageEffects":false,"showParticleSystems":false},"in2DMode":false,"pivot":{"x":0.0,"y":1.4800000190734864,"z":19.100000381469728},"rotation":{"x":0.12243806570768357,"y":0.20245487987995149,"z":-0.025521596893668176,"w":0.9712731242179871},"size":0.38888508081436159,"orthographic":false}